{"cameraMode":{"drawMode":0,"name":"Shaded","section":"Shading Mode"},"sceneLighting":false,"audioPlay":false,"sceneViewState":{"showFog":false,"showMaterialUpdate":false,"showSkybox":false,"showFlares":false,"showImageEffects":false,"showParticleSystems":false},"in2DMode":false,"pivot":{"x":0.0140677560120821,"y":0.9367846250534058,"z":1.2966728210449219},"rotation":{"x":0.09083708375692368,"y":-0.6452820897102356,"z":0.0776817575097084,"w":0.7545397281646729},"size":29.43639373779297,"orthographic":false}