{"cameraMode":{"drawMode":0,"name":"Shaded","section":"Shading Mode"},"sceneLighting":true,"audioPlay":false,"sceneViewState":{"showFog":true,"showMaterialUpdate":false,"showSkybox":true,"showFlares":true,"showImageEffects":true,"showParticleSystems":true},"in2DMode":false,"pivot":{"x":-1.1658234596252442,"y":-0.48318612575531008,"z":6.880393981933594},"rotation":{"x":0.1796879917383194,"y":-0.7842422127723694,"z":0.5313642024993897,"w":0.26520276069641116},"size":11.545342445373536,"orthographic":false}