{"cameraMode":{"drawMode":0,"name":"Shaded","section":"Shading Mode"},"sceneLighting":false,"audioPlay":false,"sceneViewState":{"showFog":false,"showMaterialUpdate":false,"showSkybox":false,"showFlares":false,"showImageEffects":false,"showParticleSystems":false},"in2DMode":false,"pivot":{"x":-4.4646477699279789,"y":-0.5644621253013611,"z":6.7585649490356449},"rotation":{"x":0.0998338982462883,"y":-0.18642079830169679,"z":0.019043661653995515,"w":0.9772015810012817},"size":16.792997360229493,"orthographic":false}