{"cameraMode":{"drawMode":0,"name":"Shaded","section":"Shading Mode"},"sceneLighting":false,"audioPlay":false,"sceneViewState":{"showFog":true,"showMaterialUpdate":false,"showSkybox":false,"showFlares":true,"showImageEffects":true,"showParticleSystems":true},"in2DMode":false,"pivot":{"x":-1.0792540311813355,"y":-1.4131958484649659,"z":-2.9045748710632326},"rotation":{"x":0.013215038925409317,"y":-0.9821616411209106,"z":0.17173269391059876,"w":0.0755748301744461},"size":6.538341522216797,"orthographic":false}