{"cameraMode":{"drawMode":0,"name":"Shaded","section":"Shading Mode"},"sceneLighting":true,"audioPlay":false,"sceneViewState":{"showFog":true,"showMaterialUpdate":false,"showSkybox":true,"showFlares":true,"showImageEffects":true,"showParticleSystems":true},"in2DMode":false,"pivot":{"x":-3.1273374557495119,"y":-3.794459819793701,"z":-0.6538912057876587},"rotation":{"x":0.1573348343372345,"y":-0.8185213208198547,"z":0.26590171456336977,"w":0.4843212366104126},"size":20.74480628967285,"orthographic":false}