{"cameraMode":{"drawMode":0,"name":"Shaded","section":"Shading Mode"},"sceneLighting":false,"audioPlay":false,"sceneViewState":{"showFog":false,"showMaterialUpdate":false,"showSkybox":false,"showFlares":false,"showImageEffects":false,"showParticleSystems":false},"in2DMode":false,"pivot":{"x":0.008974196389317513,"y":2.810959577560425,"z":-0.13907060027122498},"rotation":{"x":0.09083708375692368,"y":-0.6452820897102356,"z":0.0776817575097084,"w":0.7545397281646729},"size":7.925667762756348,"orthographic":false}