{"cameraMode":{"drawMode":0,"name":"Shaded","section":"Shading Mode"},"sceneLighting":false,"audioPlay":false,"sceneViewState":{"showFog":false,"showMaterialUpdate":false,"showSkybox":false,"showFlares":false,"showImageEffects":false,"showParticleSystems":false},"in2DMode":false,"pivot":{"x":0.03887671232223511,"y":-0.07835346460342407,"z":0.4866912066936493},"rotation":{"x":0.21958765387535096,"y":0.0073168594390153889,"z":-0.0016469737747684122,"w":0.9755647778511047},"size":1.4715769290924073,"orthographic":false}