{"cameraMode":{"drawMode":0,"name":"Shaded","section":"Shading Mode"},"sceneLighting":false,"audioPlay":false,"sceneViewState":{"showFog":true,"showMaterialUpdate":false,"showSkybox":false,"showFlares":true,"showImageEffects":true,"showParticleSystems":true},"in2DMode":false,"pivot":{"x":1.2180812358856202,"y":-2.5746443271636965,"z":-1.4905517101287842},"rotation":{"x":-0.361691415309906,"y":-0.5436644554138184,"z":0.27931806445121767,"w":-0.7039968371391296},"size":7.845914363861084,"orthographic":false}