{"cameraMode":{"drawMode":0,"name":"Shaded","section":"Shading Mode"},"sceneLighting":false,"audioPlay":false,"sceneViewState":{"showFog":true,"showMaterialUpdate":false,"showSkybox":false,"showFlares":true,"showImageEffects":true,"showParticleSystems":true},"in2DMode":false,"pivot":{"x":-0.10111521929502487,"y":-0.7021435499191284,"z":0.7683013677597046},"rotation":{"x":0.05801790580153465,"y":-0.8690493106842041,"z":0.47996988892555239,"w":0.10505098849534989},"size":5.909636497497559,"orthographic":false}