{"cameraMode":{"drawMode":0,"name":"Shaded","section":"Shading Mode"},"sceneLighting":false,"audioPlay":false,"sceneViewState":{"showFog":false,"showMaterialUpdate":false,"showSkybox":false,"showFlares":false,"showImageEffects":false,"showParticleSystems":false},"in2DMode":false,"pivot":{"x":72.42205047607422,"y":-12.893023490905762,"z":-0.6194556951522827},"rotation":{"x":0.06603135168552399,"y":0.706177294254303,"z":-0.0664408802986145,"w":0.7018164396286011},"size":83.44253540039063,"orthographic":false}