{"cameraMode":{"drawMode":0,"name":"Shaded","section":"Shading Mode"},"sceneLighting":false,"audioPlay":false,"sceneViewState":{"showFog":true,"showMaterialUpdate":false,"showSkybox":false,"showFlares":true,"showImageEffects":true,"showParticleSystems":true},"in2DMode":false,"pivot":{"x":0.3776702880859375,"y":-0.9090651273727417,"z":0.23877781629562379},"rotation":{"x":0.34503480792045596,"y":0.3159373700618744,"z":-0.12457866966724396,"w":0.8750091791152954},"size":12.72743034362793,"orthographic":false}