{"cameraMode":{"drawMode":0,"name":"Shaded","section":"Shading Mode"},"sceneLighting":true,"audioPlay":false,"sceneViewState":{"showFog":true,"showMaterialUpdate":false,"showSkybox":true,"showFlares":true,"showImageEffects":true,"showParticleSystems":true},"in2DMode":false,"pivot":{"x":-1.179988980293274,"y":-5.634902477264404,"z":5.851260662078857},"rotation":{"x":0.38463014364242556,"y":-0.2050073891878128,"z":0.08803290128707886,"w":0.8957151174545288},"size":16.220842361450197,"orthographic":false}