{"cameraMode":{"drawMode":0,"name":"Shaded","section":"Shading Mode"},"sceneLighting":false,"audioPlay":false,"sceneViewState":{"showFog":true,"showMaterialUpdate":false,"showSkybox":false,"showFlares":true,"showImageEffects":true,"showParticleSystems":true},"in2DMode":false,"pivot":{"x":0.409793496131897,"y":-1.6384477615356446,"z":0.43149471282958987},"rotation":{"x":0.39245399832725527,"y":0.056512705981731418,"z":-0.02416425198316574,"w":0.917727530002594},"size":4.438340187072754,"orthographic":false}