{"cameraMode":{"drawMode":0,"name":"Shaded","section":"Shading Mode"},"sceneLighting":false,"audioPlay":false,"sceneViewState":{"showFog":true,"showMaterialUpdate":false,"showSkybox":false,"showFlares":true,"showImageEffects":true,"showParticleSystems":true},"in2DMode":false,"pivot":{"x":2.0108680725097658,"y":-2.6071114540100099,"z":-0.1464996039867401},"rotation":{"x":0.342014878988266,"y":0.4670863449573517,"z":-0.20223240554332734,"w":0.7899248003959656},"size":6.056371212005615,"orthographic":false}