{"cameraMode":{"drawMode":0,"name":"Shaded","section":"Shading Mode"},"sceneLighting":false,"audioPlay":false,"sceneViewState":{"showFog":true,"showMaterialUpdate":false,"showSkybox":false,"showFlares":true,"showImageEffects":true,"showParticleSystems":true},"in2DMode":false,"pivot":{"x":2.817674160003662,"y":-3.271730422973633,"z":-1.9256081581115723},"rotation":{"x":-0.3119388520717621,"y":-0.4598865807056427,"z":0.17657870054244996,"w":-0.8124299049377441},"size":19.145767211914064,"orthographic":false}